SpecialOfferID,ProductID,DiscountPct,Type,Category,StartDate,EndDate,MinQty,MaxQty
1,680,0.0,No Discount,No Discount,2011-05-01,2014-11-30,0,
1,706,0.0,No Discount,No Discount,2011-05-01,2014-11-30,0,
1,707,0.0,No Discount,No Discount,2011-05-01,2014-11-30,0,
1,708,0.0,No Discount,No Discount,2011-05-01,2014-11-30,0,
1,709,0.0,No Discount,No Discount,2011-05-01,2014-11-30,0,
1,710,0.0,No Discount,No Discount,2011-05-01,2014-11-30,0,
1,711,0.0,No Discount,No Discount,2011-05-01,2014-11-30,0,
1,712,0.0,No Discount,No Discount,2011-05-01,2014-11-30,0,
1,713,0.0,No Discount,No Discount,2011-05-01,2014-11-30,0,
1,714,0.0,No Discount,No Discount,2011-05-01,2014-11-30,0,
1,715,0.0,No Discount,No Discount,2011-05-01,2014-11-30,0,
1,716,0.0,No Discount,No Discount,2011-05-01,2014-11-30,0,
1,717,0.0,No Discount,No Discount,2011-05-01,2014-11-30,0,
1,718,0.0,No Discount,No Discount,2011-05-01,2014-11-30,0,
1,719,0.0,No Discount,No Discount,2011-05-01,2014-11-30,0,
1,720,0.0,No Discount,No Discount,2011-05-01,2014-11-30,0,
1,721,0.0,No Discount,No Discount,2011-05-01,2014-11-30,0,
1,722,0.0,No Discount,No Discount,2011-05-01,2014-11-30,0,
1,723,0.0,No Discount,No Discount,2011-05-01,2014-11-30,0,
1,724,0.0,No Discount,No Discount,2011-05-01,2014-11-30,0,
1,725,0.0,No Discount,No Discount,2011-05-01,2014-11-30,0,
1,726,0.0,No Discount,No Discount,2011-05-01,2014-11-30,0,
1,727,0.0,No Discount,No Discount,2011-05-01,2014-11-30,0,
1,728,0.0,No Discount,No Discount,2011-05-01,2014-11-30,0,
1,729,0.0,No Discount,No Discount,2011-05-01,2014-11-30,0,
1,730,0.0,No Discount,No Discount,2011-05-01,2014-11-30,0,
1,731,0.0,No Discount,No Discount,2011-05-01,2014-11-30,0,
1,732,0.0,No Discount,No Discount,2011-05-01,2014-11-30,0,
1,733,0.0,No Discount,No Discount,2011-05-01,2014-11-30,0,
1,734,0.0,No Discount,No Discount,2011-05-01,2014-11-30,0,
1,735,0.0,No Discount,No Discount,2011-05-01,2014-11-30,0,
1,736,0.0,No Discount,No Discount,2011-05-01,2014-11-30,0,
1,737,0.0,No Discount,No Discount,2011-05-01,2014-11-30,0,
1,738,0.0,No Discount,No Discount,2011-05-01,2014-11-30,0,
1,739,0.0,No Discount,No Discount,2011-05-01,2014-11-30,0,
1,740,0.0,No Discount,No Discount,2011-05-01,2014-11-30,0,
1,741,0.0,No Discount,No Discount,2011-05-01,2014-11-30,0,
1,742,0.0,No Discount,No Discount,2011-05-01,2014-11-30,0,
1,743,0.0,No Discount,No Discount,2011-05-01,2014-11-30,0,
1,744,0.0,No Discount,No Discount,2011-05-01,2014-11-30,0,
1,745,0.0,No Discount,No Discount,2011-05-01,2014-11-30,0,
1,746,0.0,No Discount,No Discount,2011-05-01,2014-11-30,0,
1,747,0.0,No Discount,No Discount,2011-05-01,2014-11-30,0,
1,748,0.0,No Discount,No Discount,2011-05-01,2014-11-30,0,
1,749,0.0,No Discount,No Discount,2011-05-01,2014-11-30,0,
1,750,0.0,No Discount,No Discount,2011-05-01,2014-11-30,0,
1,751,0.0,No Discount,No Discount,2011-05-01,2014-11-30,0,
1,752,0.0,No Discount,No Discount,2011-05-01,2014-11-30,0,
1,753,0.0,No Discount,No Discount,2011-05-01,2014-11-30,0,
1,754,0.0,No Discount,No Discount,2011-05-01,2014-11-30,0,
1,755,0.0,No Discount,No Discount,2011-05-01,2014-11-30,0,
1,756,0.0,No Discount,No Discount,2011-05-01,2014-11-30,0,
1,757,0.0,No Discount,No Discount,2011-05-01,2014-11-30,0,
1,758,0.0,No Discount,No Discount,2011-05-01,2014-11-30,0,
1,759,0.0,No Discount,No Discount,2011-05-01,2014-11-30,0,
1,760,0.0,No Discount,No Discount,2011-05-01,2014-11-30,0,
1,761,0.0,No Discount,No Discount,2011-05-01,2014-11-30,0,
1,762,0.0,No Discount,No Discount,2011-05-01,2014-11-30,0,
1,763,0.0,No Discount,No Discount,2011-05-01,2014-11-30,0,
1,764,0.0,No Discount,No Discount,2011-05-01,2014-11-30,0,
1,765,0.0,No Discount,No Discount,2011-05-01,2014-11-30,0,
1,766,0.0,No Discount,No Discount,2011-05-01,2014-11-30,0,
1,767,0.0,No Discount,No Discount,2011-05-01,2014-11-30,0,
1,768,0.0,No Discount,No Discount,2011-05-01,2014-11-30,0,
1,769,0.0,No Discount,No Discount,2011-05-01,2014-11-30,0,
1,770,0.0,No Discount,No Discount,2011-05-01,2014-11-30,0,
1,771,0.0,No Discount,No Discount,2011-05-01,2014-11-30,0,
1,772,0.0,No Discount,No Discount,2011-05-01,2014-11-30,0,
1,773,0.0,No Discount,No Discount,2011-05-01,2014-11-30,0,
1,774,0.0,No Discount,No Discount,2011-05-01,2014-11-30,0,
1,775,0.0,No Discount,No Discount,2011-05-01,2014-11-30,0,
1,776,0.0,No Discount,No Discount,2011-05-01,2014-11-30,0,
1,777,0.0,No Discount,No Discount,2011-05-01,2014-11-30,0,
1,778,0.0,No Discount,No Discount,2011-05-01,2014-11-30,0,
1,779,0.0,No Discount,No Discount,2011-05-01,2014-11-30,0,
1,780,0.0,No Discount,No Discount,2011-05-01,2014-11-30,0,
1,781,0.0,No Discount,No Discount,2011-05-01,2014-11-30,0,
1,782,0.0,No Discount,No Discount,2011-05-01,2014-11-30,0,
1,783,0.0,No Discount,No Discount,2011-05-01,2014-11-30,0,
1,784,0.0,No Discount,No Discount,2011-05-01,2014-11-30,0,
1,785,0.0,No Discount,No Discount,2011-05-01,2014-11-30,0,
1,786,0.0,No Discount,No Discount,2011-05-01,2014-11-30,0,
1,787,0.0,No Discount,No Discount,2011-05-01,2014-11-30,0,
1,788,0.0,No Discount,No Discount,2011-05-01,2014-11-30,0,
1,789,0.0,No Discount,No Discount,2011-05-01,2014-11-30,0,
1,790,0.0,No Discount,No Discount,2011-05-01,2014-11-30,0,
1,791,0.0,No Discount,No Discount,2011-05-01,2014-11-30,0,
1,792,0.0,No Discount,No Discount,2011-05-01,2014-11-30,0,
1,793,0.0,No Discount,No Discount,2011-05-01,2014-11-30,0,
1,794,0.0,No Discount,No Discount,2011-05-01,2014-11-30,0,
1,795,0.0,No Discount,No Discount,2011-05-01,2014-11-30,0,
1,796,0.0,No Discount,No Discount,2011-05-01,2014-11-30,0,
1,797,0.0,No Discount,No Discount,2011-05-01,2014-11-30,0,
1,798,0.0,No Discount,No Discount,2011-05-01,2014-11-30,0,
1,799,0.0,No Discount,No Discount,2011-05-01,2014-11-30,0,
1,800,0.0,No Discount,No Discount,2011-05-01,2014-11-30,0,
1,801,0.0,No Discount,No Discount,2011-05-01,2014-11-30,0,
1,802,0.0,No Discount,No Discount,2011-05-01,2014-11-30,0,
1,803,0.0,No Discount,No Discount,2011-05-01,2014-11-30,0,
1,804,0.0,No Discount,No Discount,2011-05-01,2014-11-30,0,
1,805,0.0,No Discount,No Discount,2011-05-01,2014-11-30,0,
1,806,0.0,No Discount,No Discount,2011-05-01,2014-11-30,0,
1,807,0.0,No Discount,No Discount,2011-05-01,2014-11-30,0,
1,808,0.0,No Discount,No Discount,2011-05-01,2014-11-30,0,
1,809,0.0,No Discount,No Discount,2011-05-01,2014-11-30,0,
1,810,0.0,No Discount,No Discount,2011-05-01,2014-11-30,0,
1,811,0.0,No Discount,No Discount,2011-05-01,2014-11-30,0,
1,812,0.0,No Discount,No Discount,2011-05-01,2014-11-30,0,
1,813,0.0,No Discount,No Discount,2011-05-01,2014-11-30,0,
1,814,0.0,No Discount,No Discount,2011-05-01,2014-11-30,0,
1,815,0.0,No Discount,No Discount,2011-05-01,2014-11-30,0,
1,816,0.0,No Discount,No Discount,2011-05-01,2014-11-30,0,
1,817,0.0,No Discount,No Discount,2011-05-01,2014-11-30,0,
1,818,0.0,No Discount,No Discount,2011-05-01,2014-11-30,0,
1,819,0.0,No Discount,No Discount,2011-05-01,2014-11-30,0,
1,820,0.0,No Discount,No Discount,2011-05-01,2014-11-30,0,
1,821,0.0,No Discount,No Discount,2011-05-01,2014-11-30,0,
1,822,0.0,No Discount,No Discount,2011-05-01,2014-11-30,0,
1,823,0.0,No Discount,No Discount,2011-05-01,2014-11-30,0,
1,824,0.0,No Discount,No Discount,2011-05-01,2014-11-30,0,
1,825,0.0,No Discount,No Discount,2011-05-01,2014-11-30,0,
1,826,0.0,No Discount,No Discount,2011-05-01,2014-11-30,0,
1,827,0.0,No Discount,No Discount,2011-05-01,2014-11-30,0,
1,828,0.0,No Discount,No Discount,2011-05-01,2014-11-30,0,
1,829,0.0,No Discount,No Discount,2011-05-01,2014-11-30,0,
1,830,0.0,No Discount,No Discount,2011-05-01,2014-11-30,0,
1,831,0.0,No Discount,No Discount,2011-05-01,2014-11-30,0,
1,832,0.0,No Discount,No Discount,2011-05-01,2014-11-30,0,
1,833,0.0,No Discount,No Discount,2011-05-01,2014-11-30,0,
1,834,0.0,No Discount,No Discount,2011-05-01,2014-11-30,0,
1,835,0.0,No Discount,No Discount,2011-05-01,2014-11-30,0,
1,836,0.0,No Discount,No Discount,2011-05-01,2014-11-30,0,
1,837,0.0,No Discount,No Discount,2011-05-01,2014-11-30,0,
1,838,0.0,No Discount,No Discount,2011-05-01,2014-11-30,0,
1,839,0.0,No Discount,No Discount,2011-05-01,2014-11-30,0,
1,840,0.0,No Discount,No Discount,2011-05-01,2014-11-30,0,
1,841,0.0,No Discount,No Discount,2011-05-01,2014-11-30,0,
1,842,0.0,No Discount,No Discount,2011-05-01,2014-11-30,0,
1,843,0.0,No Discount,No Discount,2011-05-01,2014-11-30,0,
1,844,0.0,No Discount,No Discount,2011-05-01,2014-11-30,0,
1,845,0.0,No Discount,No Discount,2011-05-01,2014-11-30,0,
1,846,0.0,No Discount,No Discount,2011-05-01,2014-11-30,0,
1,847,0.0,No Discount,No Discount,2011-05-01,2014-11-30,0,
1,848,0.0,No Discount,No Discount,2011-05-01,2014-11-30,0,
1,849,0.0,No Discount,No Discount,2011-05-01,2014-11-30,0,
1,850,0.0,No Discount,No Discount,2011-05-01,2014-11-30,0,
1,851,0.0,No Discount,No Discount,2011-05-01,2014-11-30,0,
1,852,0.0,No Discount,No Discount,2011-05-01,2014-11-30,0,
1,853,0.0,No Discount,No Discount,2011-05-01,2014-11-30,0,
1,854,0.0,No Discount,No Discount,2011-05-01,2014-11-30,0,
1,855,0.0,No Discount,No Discount,2011-05-01,2014-11-30,0,
1,856,0.0,No Discount,No Discount,2011-05-01,2014-11-30,0,
1,857,0.0,No Discount,No Discount,2011-05-01,2014-11-30,0,
1,858,0.0,No Discount,No Discount,2011-05-01,2014-11-30,0,
1,859,0.0,No Discount,No Discount,2011-05-01,2014-11-30,0,
1,860,0.0,No Discount,No Discount,2011-05-01,2014-11-30,0,
1,861,0.0,No Discount,No Discount,2011-05-01,2014-11-30,0,
1,862,0.0,No Discount,No Discount,2011-05-01,2014-11-30,0,
1,863,0.0,No Discount,No Discount,2011-05-01,2014-11-30,0,
1,864,0.0,No Discount,No Discount,2011-05-01,2014-11-30,0,
1,865,0.0,No Discount,No Discount,2011-05-01,2014-11-30,0,
1,866,0.0,No Discount,No Discount,2011-05-01,2014-11-30,0,
1,867,0.0,No Discount,No Discount,2011-05-01,2014-11-30,0,
1,868,0.0,No Discount,No Discount,2011-05-01,2014-11-30,0,
1,869,0.0,No Discount,No Discount,2011-05-01,2014-11-30,0,
1,870,0.0,No Discount,No Discount,2011-05-01,2014-11-30,0,
1,871,0.0,No Discount,No Discount,2011-05-01,2014-11-30,0,
1,872,0.0,No Discount,No Discount,2011-05-01,2014-11-30,0,
1,873,0.0,No Discount,No Discount,2011-05-01,2014-11-30,0,
1,874,0.0,No Discount,No Discount,2011-05-01,2014-11-30,0,
1,875,0.0,No Discount,No Discount,2011-05-01,2014-11-30,0,
1,876,0.0,No Discount,No Discount,2011-05-01,2014-11-30,0,
1,877,0.0,No Discount,No Discount,2011-05-01,2014-11-30,0,
1,878,0.0,No Discount,No Discount,2011-05-01,2014-11-30,0,
1,879,0.0,No Discount,No Discount,2011-05-01,2014-11-30,0,
1,880,0.0,No Discount,No Discount,2011-05-01,2014-11-30,0,
1,881,0.0,No Discount,No Discount,2011-05-01,2014-11-30,0,
1,882,0.0,No Discount,No Discount,2011-05-01,2014-11-30,0,
1,883,0.0,No Discount,No Discount,2011-05-01,2014-11-30,0,
1,884,0.0,No Discount,No Discount,2011-05-01,2014-11-30,0,
1,885,0.0,No Discount,No Discount,2011-05-01,2014-11-30,0,
1,886,0.0,No Discount,No Discount,2011-05-01,2014-11-30,0,
1,887,0.0,No Discount,No Discount,2011-05-01,2014-11-30,0,
1,888,0.0,No Discount,No Discount,2011-05-01,2014-11-30,0,
1,889,0.0,No Discount,No Discount,2011-05-01,2014-11-30,0,
1,890,0.0,No Discount,No Discount,2011-05-01,2014-11-30,0,
1,891,0.0,No Discount,No Discount,2011-05-01,2014-11-30,0,
1,892,0.0,No Discount,No Discount,2011-05-01,2014-11-30,0,
1,893,0.0,No Discount,No Discount,2011-05-01,2014-11-30,0,
1,894,0.0,No Discount,No Discount,2011-05-01,2014-11-30,0,
1,895,0.0,No Discount,No Discount,2011-05-01,2014-11-30,0,
1,896,0.0,No Discount,No Discount,2011-05-01,2014-11-30,0,
1,897,0.0,No Discount,No Discount,2011-05-01,2014-11-30,0,
1,898,0.0,No Discount,No Discount,2011-05-01,2014-11-30,0,
1,899,0.0,No Discount,No Discount,2011-05-01,2014-11-30,0,
1,900,0.0,No Discount,No Discount,2011-05-01,2014-11-30,0,
1,901,0.0,No Discount,No Discount,2011-05-01,2014-11-30,0,
1,902,0.0,No Discount,No Discount,2011-05-01,2014-11-30,0,
1,903,0.0,No Discount,No Discount,2011-05-01,2014-11-30,0,
1,904,0.0,No Discount,No Discount,2011-05-01,2014-11-30,0,
1,905,0.0,No Discount,No Discount,2011-05-01,2014-11-30,0,
1,906,0.0,No Discount,No Discount,2011-05-01,2014-11-30,0,
1,907,0.0,No Discount,No Discount,2011-05-01,2014-11-30,0,
1,908,0.0,No Discount,No Discount,2011-05-01,2014-11-30,0,
1,909,0.0,No Discount,No Discount,2011-05-01,2014-11-30,0,
1,910,0.0,No Discount,No Discount,2011-05-01,2014-11-30,0,
1,911,0.0,No Discount,No Discount,2011-05-01,2014-11-30,0,
1,912,0.0,No Discount,No Discount,2011-05-01,2014-11-30,0,
1,913,0.0,No Discount,No Discount,2011-05-01,2014-11-30,0,
1,914,0.0,No Discount,No Discount,2011-05-01,2014-11-30,0,
1,915,0.0,No Discount,No Discount,2011-05-01,2014-11-30,0,
1,916,0.0,No Discount,No Discount,2011-05-01,2014-11-30,0,
1,917,0.0,No Discount,No Discount,2011-05-01,2014-11-30,0,
1,918,0.0,No Discount,No Discount,2011-05-01,2014-11-30,0,
1,919,0.0,No Discount,No Discount,2011-05-01,2014-11-30,0,
1,920,0.0,No Discount,No Discount,2011-05-01,2014-11-30,0,
1,921,0.0,No Discount,No Discount,2011-05-01,2014-11-30,0,
1,922,0.0,No Discount,No Discount,2011-05-01,2014-11-30,0,
1,923,0.0,No Discount,No Discount,2011-05-01,2014-11-30,0,
1,924,0.0,No Discount,No Discount,2011-05-01,2014-11-30,0,
1,925,0.0,No Discount,No Discount,2011-05-01,2014-11-30,0,
1,926,0.0,No Discount,No Discount,2011-05-01,2014-11-30,0,
1,927,0.0,No Discount,No Discount,2011-05-01,2014-11-30,0,
1,928,0.0,No Discount,No Discount,2011-05-01,2014-11-30,0,
1,929,0.0,No Discount,No Discount,2011-05-01,2014-11-30,0,
1,930,0.0,No Discount,No Discount,2011-05-01,2014-11-30,0,
1,931,0.0,No Discount,No Discount,2011-05-01,2014-11-30,0,
1,932,0.0,No Discount,No Discount,2011-05-01,2014-11-30,0,
1,933,0.0,No Discount,No Discount,2011-05-01,2014-11-30,0,
1,934,0.0,No Discount,No Discount,2011-05-01,2014-11-30,0,
1,935,0.0,No Discount,No Discount,2011-05-01,2014-11-30,0,
1,936,0.0,No Discount,No Discount,2011-05-01,2014-11-30,0,
1,937,0.0,No Discount,No Discount,2011-05-01,2014-11-30,0,
1,938,0.0,No Discount,No Discount,2011-05-01,2014-11-30,0,
1,939,0.0,No Discount,No Discount,2011-05-01,2014-11-30,0,
1,940,0.0,No Discount,No Discount,2011-05-01,2014-11-30,0,
1,941,0.0,No Discount,No Discount,2011-05-01,2014-11-30,0,
1,942,0.0,No Discount,No Discount,2011-05-01,2014-11-30,0,
1,943,0.0,No Discount,No Discount,2011-05-01,2014-11-30,0,
1,944,0.0,No Discount,No Discount,2011-05-01,2014-11-30,0,
1,945,0.0,No Discount,No Discount,2011-05-01,2014-11-30,0,
1,946,0.0,No Discount,No Discount,2011-05-01,2014-11-30,0,
1,947,0.0,No Discount,No Discount,2011-05-01,2014-11-30,0,
1,948,0.0,No Discount,No Discount,2011-05-01,2014-11-30,0,
1,949,0.0,No Discount,No Discount,2011-05-01,2014-11-30,0,
1,950,0.0,No Discount,No Discount,2011-05-01,2014-11-30,0,
1,951,0.0,No Discount,No Discount,2011-05-01,2014-11-30,0,
1,952,0.0,No Discount,No Discount,2011-05-01,2014-11-30,0,
1,953,0.0,No Discount,No Discount,2011-05-01,2014-11-30,0,
1,954,0.0,No Discount,No Discount,2011-05-01,2014-11-30,0,
1,955,0.0,No Discount,No Discount,2011-05-01,2014-11-30,0,
1,956,0.0,No Discount,No Discount,2011-05-01,2014-11-30,0,
1,957,0.0,No Discount,No Discount,2011-05-01,2014-11-30,0,
1,958,0.0,No Discount,No Discount,2011-05-01,2014-11-30,0,
1,959,0.0,No Discount,No Discount,2011-05-01,2014-11-30,0,
1,960,0.0,No Discount,No Discount,2011-05-01,2014-11-30,0,
1,961,0.0,No Discount,No Discount,2011-05-01,2014-11-30,0,
1,962,0.0,No Discount,No Discount,2011-05-01,2014-11-30,0,
1,963,0.0,No Discount,No Discount,2011-05-01,2014-11-30,0,
1,964,0.0,No Discount,No Discount,2011-05-01,2014-11-30,0,
1,965,0.0,No Discount,No Discount,2011-05-01,2014-11-30,0,
1,966,0.0,No Discount,No Discount,2011-05-01,2014-11-30,0,
1,967,0.0,No Discount,No Discount,2011-05-01,2014-11-30,0,
1,968,0.0,No Discount,No Discount,2011-05-01,2014-11-30,0,
1,969,0.0,No Discount,No Discount,2011-05-01,2014-11-30,0,
1,970,0.0,No Discount,No Discount,2011-05-01,2014-11-30,0,
1,971,0.0,No Discount,No Discount,2011-05-01,2014-11-30,0,
1,972,0.0,No Discount,No Discount,2011-05-01,2014-11-30,0,
1,973,0.0,No Discount,No Discount,2011-05-01,2014-11-30,0,
1,974,0.0,No Discount,No Discount,2011-05-01,2014-11-30,0,
1,975,0.0,No Discount,No Discount,2011-05-01,2014-11-30,0,
1,976,0.0,No Discount,No Discount,2011-05-01,2014-11-30,0,
1,977,0.0,No Discount,No Discount,2011-05-01,2014-11-30,0,
1,978,0.0,No Discount,No Discount,2011-05-01,2014-11-30,0,
1,979,0.0,No Discount,No Discount,2011-05-01,2014-11-30,0,
1,980,0.0,No Discount,No Discount,2011-05-01,2014-11-30,0,
1,981,0.0,No Discount,No Discount,2011-05-01,2014-11-30,0,
1,982,0.0,No Discount,No Discount,2011-05-01,2014-11-30,0,
1,983,0.0,No Discount,No Discount,2011-05-01,2014-11-30,0,
1,984,0.0,No Discount,No Discount,2011-05-01,2014-11-30,0,
1,985,0.0,No Discount,No Discount,2011-05-01,2014-11-30,0,
1,986,0.0,No Discount,No Discount,2011-05-01,2014-11-30,0,
1,987,0.0,No Discount,No Discount,2011-05-01,2014-11-30,0,
1,988,0.0,No Discount,No Discount,2011-05-01,2014-11-30,0,
1,989,0.0,No Discount,No Discount,2011-05-01,2014-11-30,0,
1,990,0.0,No Discount,No Discount,2011-05-01,2014-11-30,0,
1,991,0.0,No Discount,No Discount,2011-05-01,2014-11-30,0,
1,992,0.0,No Discount,No Discount,2011-05-01,2014-11-30,0,
1,993,0.0,No Discount,No Discount,2011-05-01,2014-11-30,0,
1,994,0.0,No Discount,No Discount,2011-05-01,2014-11-30,0,
1,995,0.0,No Discount,No Discount,2011-05-01,2014-11-30,0,
1,996,0.0,No Discount,No Discount,2011-05-01,2014-11-30,0,
1,997,0.0,No Discount,No Discount,2011-05-01,2014-11-30,0,
1,998,0.0,No Discount,No Discount,2011-05-01,2014-11-30,0,
1,999,0.0,No Discount,No Discount,2011-05-01,2014-11-30,0,
2,707,0.02,Volume Discount,Reseller,2011-05-31,2014-05-30,11,14.0
2,708,0.02,Volume Discount,Reseller,2011-05-31,2014-05-30,11,14.0
2,709,0.02,Volume Discount,Reseller,2011-05-31,2014-05-30,11,14.0
2,711,0.02,Volume Discount,Reseller,2011-05-31,2014-05-30,11,14.0
2,712,0.02,Volume Discount,Reseller,2011-05-31,2014-05-30,11,14.0
2,714,0.02,Volume Discount,Reseller,2011-05-31,2014-05-30,11,14.0
2,715,0.02,Volume Discount,Reseller,2011-05-31,2014-05-30,11,14.0
2,716,0.02,Volume Discount,Reseller,2011-05-31,2014-05-30,11,14.0
2,725,0.02,Volume Discount,Reseller,2011-05-31,2014-05-30,11,14.0
2,730,0.02,Volume Discount,Reseller,2011-05-31,2014-05-30,11,14.0
2,738,0.02,Volume Discount,Reseller,2011-05-31,2014-05-30,11,14.0
2,748,0.02,Volume Discount,Reseller,2011-05-31,2014-05-30,11,14.0
2,754,0.02,Volume Discount,Reseller,2011-05-31,2014-05-30,11,14.0
2,760,0.02,Volume Discount,Reseller,2011-05-31,2014-05-30,11,14.0
2,761,0.02,Volume Discount,Reseller,2011-05-31,2014-05-30,11,14.0
2,762,0.02,Volume Discount,Reseller,2011-05-31,2014-05-30,11,14.0
2,763,0.02,Volume Discount,Reseller,2011-05-31,2014-05-30,11,14.0
2,765,0.02,Volume Discount,Reseller,2011-05-31,2014-05-30,11,14.0
2,766,0.02,Volume Discount,Reseller,2011-05-31,2014-05-30,11,14.0
2,768,0.02,Volume Discount,Reseller,2011-05-31,2014-05-30,11,14.0
2,770,0.02,Volume Discount,Reseller,2011-05-31,2014-05-30,11,14.0
2,772,0.02,Volume Discount,Reseller,2011-05-31,2014-05-30,11,14.0
2,773,0.02,Volume Discount,Reseller,2011-05-31,2014-05-30,11,14.0
2,775,0.02,Volume Discount,Reseller,2011-05-31,2014-05-30,11,14.0
2,776,0.02,Volume Discount,Reseller,2011-05-31,2014-05-30,11,14.0
2,777,0.02,Volume Discount,Reseller,2011-05-31,2014-05-30,11,14.0
2,779,0.02,Volume Discount,Reseller,2011-05-31,2014-05-30,11,14.0
2,780,0.02,Volume Discount,Reseller,2011-05-31,2014-05-30,11,14.0
2,781,0.02,Volume Discount,Reseller,2011-05-31,2014-05-30,11,14.0
2,782,0.02,Volume Discount,Reseller,2011-05-31,2014-05-30,11,14.0
2,783,0.02,Volume Discount,Reseller,2011-05-31,2014-05-30,11,14.0
2,784,0.02,Volume Discount,Reseller,2011-05-31,2014-05-30,11,14.0
2,785,0.02,Volume Discount,Reseller,2011-05-31,2014-05-30,11,14.0
2,786,0.02,Volume Discount,Reseller,2011-05-31,2014-05-30,11,14.0
2,788,0.02,Volume Discount,Reseller,2011-05-31,2014-05-30,11,14.0
2,789,0.02,Volume Discount,Reseller,2011-05-31,2014-05-30,11,14.0
2,790,0.02,Volume Discount,Reseller,2011-05-31,2014-05-30,11,14.0
2,793,0.02,Volume Discount,Reseller,2011-05-31,2014-05-30,11,14.0
2,794,0.02,Volume Discount,Reseller,2011-05-31,2014-05-30,11,14.0
2,797,0.02,Volume Discount,Reseller,2011-05-31,2014-05-30,11,14.0
2,798,0.02,Volume Discount,Reseller,2011-05-31,2014-05-30,11,14.0
2,801,0.02,Volume Discount,Reseller,2011-05-31,2014-05-30,11,14.0
2,804,0.02,Volume Discount,Reseller,2011-05-31,2014-05-30,11,14.0
2,806,0.02,Volume Discount,Reseller,2011-05-31,2014-05-30,11,14.0
2,808,0.02,Volume Discount,Reseller,2011-05-31,2014-05-30,11,14.0
2,809,0.02,Volume Discount,Reseller,2011-05-31,2014-05-30,11,14.0
2,815,0.02,Volume Discount,Reseller,2011-05-31,2014-05-30,11,14.0
2,824,0.02,Volume Discount,Reseller,2011-05-31,2014-05-30,11,14.0
2,825,0.02,Volume Discount,Reseller,2011-05-31,2014-05-30,11,14.0
2,832,0.02,Volume Discount,Reseller,2011-05-31,2014-05-30,11,14.0
2,835,0.02,Volume Discount,Reseller,2011-05-31,2014-05-30,11,14.0
2,841,0.02,Volume Discount,Reseller,2011-05-31,2014-05-30,11,14.0
2,843,0.02,Volume Discount,Reseller,2011-05-31,2014-05-30,11,14.0
2,844,0.02,Volume Discount,Reseller,2011-05-31,2014-05-30,11,14.0
2,849,0.02,Volume Discount,Reseller,2011-05-31,2014-05-30,11,14.0
2,852,0.02,Volume Discount,Reseller,2011-05-31,2014-05-30,11,14.0
2,854,0.02,Volume Discount,Reseller,2011-05-31,2014-05-30,11,14.0
2,855,0.02,Volume Discount,Reseller,2011-05-31,2014-05-30,11,14.0
2,856,0.02,Volume Discount,Reseller,2011-05-31,2014-05-30,11,14.0
2,858,0.02,Volume Discount,Reseller,2011-05-31,2014-05-30,11,14.0
2,859,0.02,Volume Discount,Reseller,2011-05-31,2014-05-30,11,14.0
2,860,0.02,Volume Discount,Reseller,2011-05-31,2014-05-30,11,14.0
2,862,0.02,Volume Discount,Reseller,2011-05-31,2014-05-30,11,14.0
2,863,0.02,Volume Discount,Reseller,2011-05-31,2014-05-30,11,14.0
2,864,0.02,Volume Discount,Reseller,2011-05-31,2014-05-30,11,14.0
2,865,0.02,Volume Discount,Reseller,2011-05-31,2014-05-30,11,14.0
2,867,0.02,Volume Discount,Reseller,2011-05-31,2014-05-30,11,14.0
2,869,0.02,Volume Discount,Reseller,2011-05-31,2014-05-30,11,14.0
2,870,0.02,Volume Discount,Reseller,2011-05-31,2014-05-30,11,14.0
2,873,0.02,Volume Discount,Reseller,2011-05-31,2014-05-30,11,14.0
2,874,0.02,Volume Discount,Reseller,2011-05-31,2014-05-30,11,14.0
2,875,0.02,Volume Discount,Reseller,2011-05-31,2014-05-30,11,14.0
2,876,0.02,Volume Discount,Reseller,2011-05-31,2014-05-30,11,14.0
2,877,0.02,Volume Discount,Reseller,2011-05-31,2014-05-30,11,14.0
2,880,0.02,Volume Discount,Reseller,2011-05-31,2014-05-30,11,14.0
2,881,0.02,Volume Discount,Reseller,2011-05-31,2014-05-30,11,14.0
2,883,0.02,Volume Discount,Reseller,2011-05-31,2014-05-30,11,14.0
2,884,0.02,Volume Discount,Reseller,2011-05-31,2014-05-30,11,14.0
2,885,0.02,Volume Discount,Reseller,2011-05-31,2014-05-30,11,14.0
2,889,0.02,Volume Discount,Reseller,2011-05-31,2014-05-30,11,14.0
2,892,0.02,Volume Discount,Reseller,2011-05-31,2014-05-30,11,14.0
2,893,0.02,Volume Discount,Reseller,2011-05-31,2014-05-30,11,14.0
2,899,0.02,Volume Discount,Reseller,2011-05-31,2014-05-30,11,14.0
2,904,0.02,Volume Discount,Reseller,2011-05-31,2014-05-30,11,14.0
2,908,0.02,Volume Discount,Reseller,2011-05-31,2014-05-30,11,14.0
2,909,0.02,Volume Discount,Reseller,2011-05-31,2014-05-30,11,14.0
2,917,0.02,Volume Discount,Reseller,2011-05-31,2014-05-30,11,14.0
2,925,0.02,Volume Discount,Reseller,2011-05-31,2014-05-30,11,14.0
2,937,0.02,Volume Discount,Reseller,2011-05-31,2014-05-30,11,14.0
2,944,0.02,Volume Discount,Reseller,2011-05-31,2014-05-30,11,14.0
2,945,0.02,Volume Discount,Reseller,2011-05-31,2014-05-30,11,14.0
2,948,0.02,Volume Discount,Reseller,2011-05-31,2014-05-30,11,14.0
2,951,0.02,Volume Discount,Reseller,2011-05-31,2014-05-30,11,14.0
2,952,0.02,Volume Discount,Reseller,2011-05-31,2014-05-30,11,14.0
2,953,0.02,Volume Discount,Reseller,2011-05-31,2014-05-30,11,14.0
2,954,0.02,Volume Discount,Reseller,2011-05-31,2014-05-30,11,14.0
2,957,0.02,Volume Discount,Reseller,2011-05-31,2014-05-30,11,14.0
2,961,0.02,Volume Discount,Reseller,2011-05-31,2014-05-30,11,14.0
2,965,0.02,Volume Discount,Reseller,2011-05-31,2014-05-30,11,14.0
2,966,0.02,Volume Discount,Reseller,2011-05-31,2014-05-30,11,14.0
2,969,0.02,Volume Discount,Reseller,2011-05-31,2014-05-30,11,14.0
2,970,0.02,Volume Discount,Reseller,2011-05-31,2014-05-30,11,14.0
2,972,0.02,Volume Discount,Reseller,2011-05-31,2014-05-30,11,14.0
2,973,0.02,Volume Discount,Reseller,2011-05-31,2014-05-30,11,14.0
2,974,0.02,Volume Discount,Reseller,2011-05-31,2014-05-30,11,14.0
2,976,0.02,Volume Discount,Reseller,2011-05-31,2014-05-30,11,14.0
2,979,0.02,Volume Discount,Reseller,2011-05-31,2014-05-30,11,14.0
2,981,0.02,Volume Discount,Reseller,2011-05-31,2014-05-30,11,14.0
2,983,0.02,Volume Discount,Reseller,2011-05-31,2014-05-30,11,14.0
2,998,0.02,Volume Discount,Reseller,2011-05-31,2014-05-30,11,14.0
2,999,0.02,Volume Discount,Reseller,2011-05-31,2014-05-30,11,14.0
3,707,0.05,Volume Discount,Reseller,2011-05-31,2014-05-30,15,24.0
3,708,0.05,Volume Discount,Reseller,2011-05-31,2014-05-30,15,24.0
3,709,0.05,Volume Discount,Reseller,2011-05-31,2014-05-30,15,24.0
3,711,0.05,Volume Discount,Reseller,2011-05-31,2014-05-30,15,24.0
3,712,0.05,Volume Discount,Reseller,2011-05-31,2014-05-30,15,24.0
3,714,0.05,Volume Discount,Reseller,2011-05-31,2014-05-30,15,24.0
3,715,0.05,Volume Discount,Reseller,2011-05-31,2014-05-30,15,24.0
3,760,0.05,Volume Discount,Reseller,2011-05-31,2014-05-30,15,24.0
3,761,0.05,Volume Discount,Reseller,2011-05-31,2014-05-30,15,24.0
3,762,0.05,Volume Discount,Reseller,2011-05-31,2014-05-30,15,24.0
3,763,0.05,Volume Discount,Reseller,2011-05-31,2014-05-30,15,24.0
3,765,0.05,Volume Discount,Reseller,2011-05-31,2014-05-30,15,24.0
3,770,0.05,Volume Discount,Reseller,2011-05-31,2014-05-30,15,24.0
3,780,0.05,Volume Discount,Reseller,2011-05-31,2014-05-30,15,24.0
3,782,0.05,Volume Discount,Reseller,2011-05-31,2014-05-30,15,24.0
3,783,0.05,Volume Discount,Reseller,2011-05-31,2014-05-30,15,24.0
3,789,0.05,Volume Discount,Reseller,2011-05-31,2014-05-30,15,24.0
3,801,0.05,Volume Discount,Reseller,2011-05-31,2014-05-30,15,24.0
3,806,0.05,Volume Discount,Reseller,2011-05-31,2014-05-30,15,24.0
3,808,0.05,Volume Discount,Reseller,2011-05-31,2014-05-30,15,24.0
3,824,0.05,Volume Discount,Reseller,2011-05-31,2014-05-30,15,24.0
3,825,0.05,Volume Discount,Reseller,2011-05-31,2014-05-30,15,24.0
3,835,0.05,Volume Discount,Reseller,2011-05-31,2014-05-30,15,24.0
3,849,0.05,Volume Discount,Reseller,2011-05-31,2014-05-30,15,24.0
3,852,0.05,Volume Discount,Reseller,2011-05-31,2014-05-30,15,24.0
3,854,0.05,Volume Discount,Reseller,2011-05-31,2014-05-30,15,24.0
3,856,0.05,Volume Discount,Reseller,2011-05-31,2014-05-30,15,24.0
3,858,0.05,Volume Discount,Reseller,2011-05-31,2014-05-30,15,24.0
3,859,0.05,Volume Discount,Reseller,2011-05-31,2014-05-30,15,24.0
3,862,0.05,Volume Discount,Reseller,2011-05-31,2014-05-30,15,24.0
3,863,0.05,Volume Discount,Reseller,2011-05-31,2014-05-30,15,24.0
3,864,0.05,Volume Discount,Reseller,2011-05-31,2014-05-30,15,24.0
3,865,0.05,Volume Discount,Reseller,2011-05-31,2014-05-30,15,24.0
3,867,0.05,Volume Discount,Reseller,2011-05-31,2014-05-30,15,24.0
3,869,0.05,Volume Discount,Reseller,2011-05-31,2014-05-30,15,24.0
3,870,0.05,Volume Discount,Reseller,2011-05-31,2014-05-30,15,24.0
3,875,0.05,Volume Discount,Reseller,2011-05-31,2014-05-30,15,24.0
3,876,0.05,Volume Discount,Reseller,2011-05-31,2014-05-30,15,24.0
3,877,0.05,Volume Discount,Reseller,2011-05-31,2014-05-30,15,24.0
3,880,0.05,Volume Discount,Reseller,2011-05-31,2014-05-30,15,24.0
3,881,0.05,Volume Discount,Reseller,2011-05-31,2014-05-30,15,24.0
3,883,0.05,Volume Discount,Reseller,2011-05-31,2014-05-30,15,24.0
3,884,0.05,Volume Discount,Reseller,2011-05-31,2014-05-30,15,24.0
3,886,0.05,Volume Discount,Reseller,2011-05-31,2014-05-30,15,24.0
3,892,0.05,Volume Discount,Reseller,2011-05-31,2014-05-30,15,24.0
3,893,0.05,Volume Discount,Reseller,2011-05-31,2014-05-30,15,24.0
3,957,0.05,Volume Discount,Reseller,2011-05-31,2014-05-30,15,24.0
3,966,0.05,Volume Discount,Reseller,2011-05-31,2014-05-30,15,24.0
3,969,0.05,Volume Discount,Reseller,2011-05-31,2014-05-30,15,24.0
3,972,0.05,Volume Discount,Reseller,2011-05-31,2014-05-30,15,24.0
3,973,0.05,Volume Discount,Reseller,2011-05-31,2014-05-30,15,24.0
3,974,0.05,Volume Discount,Reseller,2011-05-31,2014-05-30,15,24.0
3,976,0.05,Volume Discount,Reseller,2011-05-31,2014-05-30,15,24.0
3,979,0.05,Volume Discount,Reseller,2011-05-31,2014-05-30,15,24.0
3,998,0.05,Volume Discount,Reseller,2011-05-31,2014-05-30,15,24.0
4,709,0.1,Volume Discount,Reseller,2011-05-31,2014-05-30,25,40.0
4,712,0.1,Volume Discount,Reseller,2011-05-31,2014-05-30,25,40.0
4,715,0.1,Volume Discount,Reseller,2011-05-31,2014-05-30,25,40.0
4,794,0.1,Volume Discount,Reseller,2011-05-31,2014-05-30,25,40.0
4,852,0.1,Volume Discount,Reseller,2011-05-31,2014-05-30,25,40.0
4,862,0.1,Volume Discount,Reseller,2011-05-31,2014-05-30,25,40.0
4,863,0.1,Volume Discount,Reseller,2011-05-31,2014-05-30,25,40.0
4,864,0.1,Volume Discount,Reseller,2011-05-31,2014-05-30,25,40.0
4,867,0.1,Volume Discount,Reseller,2011-05-31,2014-05-30,25,40.0
4,869,0.1,Volume Discount,Reseller,2011-05-31,2014-05-30,25,40.0
4,870,0.1,Volume Discount,Reseller,2011-05-31,2014-05-30,25,40.0
4,875,0.1,Volume Discount,Reseller,2011-05-31,2014-05-30,25,40.0
4,876,0.1,Volume Discount,Reseller,2011-05-31,2014-05-30,25,40.0
4,877,0.1,Volume Discount,Reseller,2011-05-31,2014-05-30,25,40.0
4,884,0.1,Volume Discount,Reseller,2011-05-31,2014-05-30,25,40.0
4,954,0.1,Volume Discount,Reseller,2011-05-31,2014-05-30,25,40.0
4,976,0.1,Volume Discount,Reseller,2011-05-31,2014-05-30,25,40.0
5,863,0.15,Volume Discount,Reseller,2011-05-31,2014-05-30,41,60.0
5,869,0.15,Volume Discount,Reseller,2011-05-31,2014-05-30,41,60.0
7,771,0.35,Discontinued Product,Reseller,2012-04-13,2012-05-29,0,
7,772,0.35,Discontinued Product,Reseller,2012-04-13,2012-05-29,0,
7,773,0.35,Discontinued Product,Reseller,2012-04-13,2012-05-29,0,
7,774,0.35,Discontinued Product,Reseller,2012-04-13,2012-05-29,0,
7,775,0.35,Discontinued Product,Reseller,2012-04-13,2012-05-29,0,
7,776,0.35,Discontinued Product,Reseller,2012-04-13,2012-05-29,0,
7,777,0.35,Discontinued Product,Reseller,2012-04-13,2012-05-29,0,
7,778,0.35,Discontinued Product,Reseller,2012-04-13,2012-05-29,0,
8,707,0.1,Seasonal Discount,Reseller,2012-05-30,2012-06-29,0,
8,708,0.1,Seasonal Discount,Reseller,2012-05-30,2012-06-29,0,
8,711,0.1,Seasonal Discount,Reseller,2012-05-30,2012-06-29,0,
9,762,0.3,Excess Inventory,Reseller,2012-05-30,2012-07-30,0,
10,928,0.5,Excess Inventory,Customer,2013-05-14,2013-07-29,0,
10,929,0.5,Excess Inventory,Customer,2013-05-14,2013-07-29,0,
10,930,0.5,Excess Inventory,Customer,2013-05-14,2013-07-29,0,
11,707,0.15,Seasonal Discount,Reseller,2013-05-30,2013-06-29,0,
11,708,0.15,Seasonal Discount,Reseller,2013-05-30,2013-06-29,0,
11,711,0.15,Seasonal Discount,Reseller,2013-05-30,2013-06-29,0,
12,722,0.35,Excess Inventory,Reseller,2013-05-30,2013-07-14,0,
12,723,0.35,Excess Inventory,Reseller,2013-05-30,2013-07-14,0,
12,724,0.35,Excess Inventory,Reseller,2013-05-30,2013-07-14,0,
12,725,0.35,Excess Inventory,Reseller,2013-05-30,2013-07-14,0,
12,726,0.35,Excess Inventory,Reseller,2013-05-30,2013-07-14,0,
12,727,0.35,Excess Inventory,Reseller,2013-05-30,2013-07-14,0,
12,728,0.35,Excess Inventory,Reseller,2013-05-30,2013-07-14,0,
12,729,0.35,Excess Inventory,Reseller,2013-05-30,2013-07-14,0,
12,730,0.35,Excess Inventory,Reseller,2013-05-30,2013-07-14,0,
12,736,0.35,Excess Inventory,Reseller,2013-05-30,2013-07-14,0,
12,737,0.35,Excess Inventory,Reseller,2013-05-30,2013-07-14,0,
12,738,0.35,Excess Inventory,Reseller,2013-05-30,2013-07-14,0,
13,958,0.15,New Product,Reseller,2013-05-30,2013-08-29,0,
13,959,0.15,New Product,Reseller,2013-05-30,2013-08-29,0,
13,960,0.15,New Product,Reseller,2013-05-30,2013-08-29,0,
13,961,0.15,New Product,Reseller,2013-05-30,2013-08-29,0,
13,962,0.15,New Product,Reseller,2013-05-30,2013-08-29,0,
13,963,0.15,New Product,Reseller,2013-05-30,2013-08-29,0,
13,964,0.15,New Product,Reseller,2013-05-30,2013-08-29,0,
13,965,0.15,New Product,Reseller,2013-05-30,2013-08-29,0,
13,978,0.15,New Product,Reseller,2013-05-30,2013-08-29,0,
13,979,0.15,New Product,Reseller,2013-05-30,2013-08-29,0,
14,954,0.2,New Product,Reseller,2013-05-30,2013-08-29,0,
14,955,0.2,New Product,Reseller,2013-05-30,2013-08-29,0,
14,956,0.2,New Product,Reseller,2013-05-30,2013-08-29,0,
14,957,0.2,New Product,Reseller,2013-05-30,2013-08-29,0,
15,935,0.5,Seasonal Discount,Customer,2013-07-14,2013-08-14,0,
15,936,0.5,Seasonal Discount,Customer,2013-07-14,2013-08-14,0,
15,937,0.5,Seasonal Discount,Customer,2013-07-14,2013-08-14,0,
15,938,0.5,Seasonal Discount,Customer,2013-07-14,2013-08-14,0,
15,939,0.5,Seasonal Discount,Customer,2013-07-14,2013-08-14,0,
15,940,0.5,Seasonal Discount,Customer,2013-07-14,2013-08-14,0,
15,941,0.5,Seasonal Discount,Customer,2013-07-14,2013-08-14,0,
16,782,0.4,Discontinued Product,Reseller,2014-03-31,2014-05-30,0,
16,784,0.4,Discontinued Product,Reseller,2014-03-31,2014-05-30,0,
16,984,0.4,Discontinued Product,Reseller,2014-03-31,2014-05-30,0,
16,985,0.4,Discontinued Product,Reseller,2014-03-31,2014-05-30,0,
16,986,0.4,Discontinued Product,Reseller,2014-03-31,2014-05-30,0,
16,987,0.4,Discontinued Product,Reseller,2014-03-31,2014-05-30,0,
16,988,0.4,Discontinued Product,Reseller,2014-03-31,2014-05-30,0,
